,utterance_id,utterance,labeled_utterance,avg_labeled_utterance
0,u124196,Fengjie is no longer under Sichuan's jurisdiction,2.0,2.0
1,u205217,And that's not even counting the nine months of constipation leading up to it.,4.0,4.0
2,u260396,You may have noticed that we don't like dawdling.,2.0,2.0
3,u193134,"Fresh-cut vegetables, raspberries, pita with hummus and sprouts.",1.0,1.0
4,u218714,"That's very kind of you, Robert.",2.0,2.0
5,u75457,Because the river's not on the map.,3.0,3.0
6,u250035,Why do you want those things anyways?,4.0,4.0
7,u162353,"There's more to a bottle cap than keeping liquid from leaking out of glass!""",2.0,2.0
8,u172094,Just tell me who the fuck killed Mike?!,2.0,2.0
9,u150084,"Okay, everybody, this is Rachel, another Lincoln High survivor.",4.0,4.0
10,u123631,Let's have a little old-time church right now.,3.0,3.0
11,u262874,"But he got arthritis then, and he killed himself.",3.0,3.0
12,u55517,"and, frankly, the whole idea that my astrological sign was a scale",2.0,2.0
13,u6563,"OK, so the Tennessee Valley Authority was in a little bit of a bind.",2.0,2.0
14,u78721,You know you're done with all that.,3.0,3.0
15,u202606,"If you got a minute, we'd like to talk to you.",2.0,2.0
16,u189045,"We have some VlPs coming in from out of town, and when they arrive, which won't be long now,",4.0,4.0
17,u140231,I only know a few things about her.,1.0,1.0
18,u140387,You mind dropping me off on the way in?,2.0,2.0
19,u246120,And I love you more than my own life.,2.0,2.0
20,u295850,"I steal, extorción, murder, I traffic of drugs",1.0,1.0
21,u122489,"We made small talk, wondered if we had any mutual acquaintances.",1.0,1.0
22,u6046,"I thought, at the time, I did a pretty good job.",2.0,2.0
23,u38486,"That's why you have to send your kids to good schools,",4.0,4.0
24,u157592,"No, a mob is rising in size And they've been dying to scream",3.0,3.0
25,u245963,He said he was after the devil.,3.0,3.0
26,u283483,"So, they just don't want to work.",3.0,3.0
27,u276057,Kelly Reyes and Jen Crowe have turned the tables.,2.0,2.0
28,u124985,"We have a population, 25% of the population of the U.S.A.… … now, it is described itself like evangelista.",5.0,5.0
29,u135809,"Look, I'm facing a lot of jail time here.",2.0,2.0
30,u91257,"By order of comrade Stalin, no civilian can leave the city.",2.0,2.0
31,u61224,You should see what they did last year.,5.0,5.0
32,u191488,I'm not gonna let you do this.,3.0,3.0
33,u91568,"We're both soldiers, and we're both enemies, so I know you understand.",3.0,3.0
34,u245690,So the powers that be hired John Wilkes Booth.,3.0,3.0
35,u269278,"Hold me, somebody, while I laugh it out.",4.0,4.0
36,u90867,"No, I don't think it's about that.",4.0,4.0
37,u64861,Do you mind if we come in for a minute?,2.0,2.0
38,u26653,"India gave refuge to the Jews, fleeing the destruction of the first temple",2.0,2.0
39,u197931,"Pour it all over me,you little bronze bitchlet.",2.0,2.0
40,u135337,Can' t youeven jack me off properly?,1.0,1.0
41,u234240,One for the road won't hurt you!,4.0,4.0
42,u3341,Last year at TED I gave an introduction to the LHC.,2.0,2.0
43,u262768,"In the lift, I saw a grandma and grandson.",1.0,1.0
44,u27701,And I say that because the system in Turkey is notable.,4.0,4.0
45,u53698,"and we would like to bring this for the very first time, to the United States",4.0,4.0
46,u103653,"No, I can't tell you where I am, Mom.",2.0,2.0
47,u171935,Why he would want to meet with me.,4.0,4.0
48,u17151,And it was a big thing in my little community of Point Reyes Station,4.0,4.0
49,u126727,#And this mystery only leads to doubt #,3.0,3.0
50,u268732,And I needed a pair for her as well.,5.0,5.0
51,u147851,I can try to dump them again.,5.0,5.0
52,u123315,"I get a step, he must get a step.",4.0,4.0
53,u212886,I'm gonna be sitting there on the trampoline smoking crack.,1.0,1.0
54,u30725,"But in fact, I would argue that we've just done an experiment here and now,",4.0,4.0
55,u236879,What was thatstunt you pulled at the Foundation?,3.0,3.0
56,u152860,And there will be white cows with sweet breath.,4.0,4.0
57,u207455,Everyday ours life can be a miracle.,1.0,1.0
58,u205084,"Where Sadie was christened by Reverend Frank, who's known us forever.",2.0,2.0
59,u78600,"He calls it ""rebicycling. ""Something like that.",4.0,4.0
60,u195232,"And, Daddy... don't judge Stephan too hard or too fast.",2.0,2.0
61,u119839,"Anyways, Roxanne, how did you and Lenny meet?",1.0,1.0
62,u72143,What do you think makes her so extraordinary?,3.0,3.0
63,u184286,"You know, I think that's fair, Mommy.",4.0,4.0
64,u71436,My parents sent my there when I was 16 to marry Menelaus.,5.0,5.0
65,u193602,And I told him we shouldn't be fucking around down there.,4.0,4.0
66,u27228,"the authorities had been convinced -- in part because of this story,",4.0,4.0
67,u103152,"If you behave, I'il take you to dinner.",1.0,1.0
68,u189154,Your job is to figure out when this is all gonna fall apart.,3.0,3.0
69,u167298,"So, after you got in the truck, what happened next?",2.0,2.0
70,u225341,"He's what we call an enhancement smoker,",4.0,4.0
71,u276186,"W/ndows, make sure there are no cameras.",2.0,2.0
72,u257737,I tried to hold on to fame,1.0,1.0
73,u82554,"No, it was nothing like that.",5.0,5.0
74,u272884,"""Can you put me up for the night?""",1.0,1.0
75,u218981,"If you wish, I can connect you with our manager Mr. Olin.",1.0,1.0
76,u248250,How do you know that she can help us?,2.0,2.0
77,u92447,"Joe, can I talk to you for a minute in private?",1.0,1.0
78,u141455,We mustheal end take off and do not have enough time much.,5.0,5.0
79,u115311,Cup your hands closer to your chest!,1.0,1.0
80,u145450,You let go and I will drop the dagger!,1.0,1.0
81,u219630,"You know, a lot of people find comfort in work when things are tough at home.",1.0,1.0
82,u28150,"so I used to love Cheetos. Oh, I love Cheetos, yummy.",1.0,1.0
83,u85259,"Look, I was up all night with him, Allie.",3.0,3.0
84,u50208,"the squid goes back to sleep, it buries itself in the sand,",1.0,1.0
85,u230455,You won a school prize for that.,4.0,4.0
86,u29257,"Now, my math's a little shaky, but this is pretty good,",2.0,2.0
87,u268812,We shouldn't say anything till our lawyers get here.,2.0,2.0
88,u1705,"much to his surprise, that a very, very simple strategy won --",5.0,5.0
89,u273625,Does the sheriff always ride around in a taxi?,3.0,3.0
90,u286767,It must be a bitter moment for you Larry.,4.0,4.0
91,u92368,There's always a surprise of some kind...,4.0,4.0
92,u233340,"Hey, champ, what do you think of beautiful Hawaii?",2.0,2.0
93,u261989,"Let us say: “ God, fixes the world”.",2.0,2.0
94,u276102,That was Leia kissing Luke to make Han jealous.,3.0,3.0
95,u144069,You could have gotten away and you didn't.,3.0,3.0
96,u266836,"Well, it would if I had any.",4.0,4.0
97,u249846,I don't know how to be positive.,2.0,2.0
98,u63260,"Uncle, is this where paka lost his reiputa?",5.0,5.0
99,u165242,"I say, ""Well, you got a problem.",4.0,4.0
100,u293446,He withdrew from the world because of love.,3.0,3.0
101,u17229,"And I got to -- I start saying, ""Free at last --",4.0,4.0
102,u272557,"No, we just take them out of the equation.",4.0,4.0
103,u173610,"""to have to hear in the midst of this panic attack.""",5.0,5.0
104,u59044,I don't want them to spend their whole lives in poverty.,2.0,2.0
105,u195019,"My teamdid everything we could out there,",2.0,2.0
106,u297241,You think that tree just fell all by itself?,3.0,3.0
107,u291254,You looking for your pot of gold?,4.0,4.0
108,u149486,"That bet we made, you're not holding me to it?",3.0,3.0
109,u162127,I'il blow your brains out if you don't get the fuck away.,1.0,1.0
110,u202324,"Oh, it's the same, as it's always been.",4.0,4.0
111,u171788,Just a regular sweet guy from Boston?,4.0,4.0
112,u172830,"I gave you every opportunity to help me, but you refused.",2.0,2.0
113,u242529,Family struggles beats a 4.0 G.P.A. Any day.,1.0,1.0
114,u267434,"I think that took a lot of courage,right?",3.0,3.0
115,u34942,"who are V-Day women, who are opening the first safe house",4.0,4.0
116,u134819,I understand you have extremely ill-behaved children.,2.0,2.0
117,u53309,"women should be able to wear whatever they want, as far as I'm concerned.",1.0,1.0
118,u231136,You must have a few quiet months to renew your spiritual life.,2.0,2.0
119,u218382,You said you saw her die.,3.0,3.0
120,u121369,Let go of me or I'il pop you!,1.0,1.0
121,u180796,"I mean, realistically, what do I expect him to do, you know?",4.0,4.0
122,u153060,Let's say I try to solve people's problems.,1.0,1.0
123,u200977,Be there some manner of rite or incantation?,2.0,2.0
124,u206574,The drill is the exit strategy.,4.0,4.0
125,u9166,"the children are using statistics to find out about the world,",1.0,1.0
126,u32937,It was somebody who was trying to ask a question about JavaScript.,1.0,1.0
127,u254335,"Hey, look, I'm on your team, man.",2.0,2.0
128,u67114,"Therefore, these are things you cannot understand",4.0,4.0
129,u283821,It was a—a Smith & Wesson.38 revolver.,1.0,1.0
130,u49050,"But many of them are just here, because they don't have money.",4.0,4.0
131,u204056,"Well, that's very free thinking of them.",4.0,4.0
132,u295977,She's an angel come down from Heaven.,2.0,2.0
133,u16405,and then we turn around and we invest equity and loans,3.0,3.0
134,u109454,"Something about you still doesn't sit right with me, Eddie.",3.0,3.0
135,u3301,"because of the quality of the information, the ability to find the best person,",5.0,5.0
136,u134651,"She didn't ask me to do it, she just announced it, and I won't do it.",2.0,2.0
137,u174759,"Your grandfather could've kept it in, but your father didn't keep quiet.",4.0,4.0
138,u118165,"And, by gosh, we've had a lot of great players at Florida state from Belle Mar and also from Palm Grove.",2.0,2.0
139,u293804,I came to say goodbye to my sworn brother.,3.0,3.0
140,u278529,"Wait a minute, you've seen the super bark?",4.0,4.0
141,u82472,She's got a headache and she's dizzy.,1.0,1.0
142,u85214,They got every cop in town out looking for her.,2.0,2.0
143,u239920,She buys two for $1 at the market.,1.0,1.0
144,u171136,I think this can all work out.,3.0,3.0
145,u229396,You all sit down to show us about t,5.0,5.0
146,u22451,And then I encouraged the ants to come 'round by putting sugar and things like that.,1.0,1.0
147,u133098,"You know, I just had to make a little pit stop at the crime lab.",3.0,3.0
148,u187839,You're gonna go to jail again.,2.0,2.0
149,u282956,"I'm Hancock, and I drink and stuff.",2.0,2.0
150,u109145,"In about three seconds we're gonna find out if Coogan's right about this being a bust, or we're gonna find one of us dead.",4.0,4.0
151,u192168,"I'm better now, but it can come back!",4.0,4.0
152,u120400,"But for the most part, being a carer has suited me fine.",1.0,1.0
153,u1711,or rejects the split -- neither player is paid and the game is over.,3.0,3.0
154,u129274,I traded with the Chinese three years ago.,2.0,2.0
155,u274725,"According to you, I'm worth two pictures.",4.0,4.0
156,u252438,"""We all stand to gain over 143 million.""",5.0,5.0
157,u89727,Always trying to live off other people's wealth!,1.0,1.0
158,u195751,"Mr. Steve Lopez, staff writer,you are my god.",4.0,4.0
159,u242202,Dr. Euripides tell youto check for that?,1.0,1.0
160,u163915,We're out of position for the effects!,4.0,4.0
161,u80113,"I mean, we gotta look legit, man.",3.0,3.0
162,u244282,"There's no rule for idle time or second guessing,",1.0,1.0
163,u282369,He was Buck's road manager before me.,2.0,2.0
164,u70218,"My dear angel, it was a triumph.",3.0,3.0
165,u110697,I've freed you from the guilt of choosing to leave them.,3.0,3.0
166,u134714,"When we get the specifical chemical makeup for each barrel, we might be able to trace it back to the company of origin.",1.0,1.0
167,u156689,Think something must have switched on with Kelly Reyes.,4.0,4.0
168,u241084,Found this on the seat of my sleigh.,1.0,1.0
169,u7038,"but the only way that I know how to do it,",5.0,5.0
170,u113345,I'm surprised they've let it go on this long.,4.0,4.0
171,u101466,"Captain Teague wants us to play now, - Love to,",4.0,4.0
172,u2482,"and you allow it in another group that you're experimenting with,",5.0,5.0
173,u250120,Arrival of President Kim Dae Jung in Pyungyang,4.0,4.0
174,u215313,"I know it's not, but it's fun to know.",3.0,3.0
175,u148793,And let's have no displays of indignation.,2.0,2.0
176,u270377,Is that a picture of me and Kevin?,2.0,2.0
177,u76406,"I want you to conduct a field test for us, Greg.",2.0,2.0
178,u203270,Can you Pile Drive me from that position?,4.0,4.0
179,u50422,"So there's a third approach, if we look at it this way.",5.0,5.0
180,u259990,"Tempers would flare, people would start getting hurt.",2.0,2.0
181,u110228,"Father, I have sent people to look for him",3.0,3.0
182,u147099,I might have even held his head under the water.,4.0,4.0
183,u159596,Check this out and let me say One thing to you,2.0,2.0
184,u140167,I know he can sing near anything.,1.0,1.0
185,u153762,I saw your paintings in the brochure and thought how charming they looked.,1.0,1.0
186,u181175,Both of you put bothof your guns down or I’m gonna blow both of your frickin' heads off.,1.0,1.0
187,u40001,when Thomas was playing the music as we came in the room today.,5.0,5.0
188,u212148,You think he couldn't pay someone to make the phone call for him?,3.0,3.0
189,u64115,"Tell me, how many candles did they put on your birthday cake this year?",1.0,1.0
190,u165998,That's how most people do it.,4.0,4.0
191,u88104,"And to make matters worse, Jill dumped me last night.",2.0,2.0
192,u265481,He even mentioned Grissom's name a few times.,2.0,2.0
193,u180702,Because I don't do stuff like this.,4.0,4.0
194,u148306,"I would've told you, had I not shut it.",3.0,3.0
195,u58097,"that for every word intended as to render us deaf to one another,",5.0,5.0
196,u272988,What the hell do you call that?,5.0,5.0
197,u253899,"Yes, we're still going around looking for more.",3.0,3.0
198,u158753,"In the written report, you all claim you didn’t even know about the fire until after it happened.",2.0,2.0
199,u246095,"Then you can get back to it, all right?",3.0,3.0
200,u120311,"But, apart from that, we'd be left largely to our own devices and even allowed to take day trips into the surrounding countryside.",4.0,4.0
201,u71251,I want you out of our life.,1.0,1.0
202,u116095,"""We got him, we got Alexander Pearce.""",2.0,2.0
203,u178087,"You want to do absolute being a shooter, will master to shut spirit",5.0,5.0
204,u13916,"of the periodic table, and create miracle materials like that cell,",5.0,5.0
205,u152854,And then he gave me his van.,1.0,1.0
206,u295555,That puts the immortality out of our reach.,5.0,5.0
207,u87042,They say the Feds are on their way.,4.0,4.0
208,u114212,"So, it's a constant battle of trying to maintain some dignity and grace in society.",2.0,2.0
209,u135852,You keep the place locked down until I get some help.,2.0,2.0
210,u240043,We hugged and kissed that little prince,4.0,4.0
211,u209521,"Borte, I can ' t stay away from you.",1.0,1.0
212,u63865,"Sometimes, God likes to put two guys in a paper bag and just let 'em rip.",4.0,4.0
213,u212471,You said everything was gonna be fine and nothing is fine.,2.0,2.0
214,u181204,Go home and don't come back or you're gonna get hurt.,1.0,1.0
215,u9512,"in what the chips can do. And so, to put that in practical terms,",5.0,5.0
216,u293519,"Well, today I stand before you with just that.",5.0,5.0
217,u183621,You might want to buckle up.,3.0,3.0
218,u278557,"Now,who is going to save that cat?",2.0,2.0
219,u114325,"I have never cared about anybody, or anything, in my entire life.",2.0,2.0
220,u117682,"I feel so guilty, because all I ever prayed for was to have a family.",3.0,3.0
221,u170221,"You know, the more I spend, the harder Ray has to work and the less I have to see him.",3.0,3.0
222,u91133,"Every evening, we listen to them talk about you on Radio Moscow.",4.0,4.0
223,u23849,"In fact, more than four million people sustain a concussion every year,",1.0,1.0
224,u129524,"Feodor and Victor congratulate their friend Maxim Vasilyev, for winning an international competition of young architects.",1.0,1.0
225,u8475,You want button fly or zipper fly? You want stonewashed or acid-washed?,1.0,1.0
226,u31844,"it's more like the Wild West than it is like Rome, from a cultural standpoint.",4.0,4.0
227,u187651,"When Toruk Macto called them, they came.",3.0,3.0
228,u131134,"He'd watch TV, but anything longer than a couple minutes was confusing.",2.0,2.0
229,u85139,"But with a brush in my hand, the world just gets kinda quiet.",2.0,2.0
230,u143965,And here I put in a little smiley face icon.,2.0,2.0
231,u40062,"And the thing that I realized is there was no way that I,",5.0,5.0
232,u13911,"What if we were to separate out metals from waste streams,",1.0,1.0
233,u298673,Operation Blackbriar started as an NEAT surveillance program.,4.0,4.0
234,u42703,we could make all of America's electricity in about 10 years.,2.0,2.0
235,u117039,"People are relying on you to be Iron Man and you've disappeared, and all I'm doing is putting out your fires and taking the heat for it.",3.0,3.0
236,u86788,He'il have to get back to you,1.0,1.0
237,u125720,"And I think we'il learn to do a lot, you know.",3.0,3.0
238,u81914,"He was coughing, and I just wanted to help him- Aren't you a dear.",4.0,4.0
239,u23223,Now what does a pre-frontal cortex do for you that should justify,5.0,5.0
240,u61378,Don't you have some flaw defenseless animals to disembogue?,4.0,4.0
241,u297502,"Shit, I already asked me where it was.",4.0,4.0
242,u75939,"Come when you want, once a month, once a year,.. ..but keep me.",4.0,4.0
243,u38561,"that is open to fishing -- and mining, and drilling, and dumping, and whatever --",4.0,4.0
244,u235712,I don't expect everybody to make it back.,4.0,4.0
245,u208681,"If you hadn't talked to that squeak toy before the show, you never would've pulled this off.",3.0,3.0
246,u252329,You have everything from the soldier fort?,4.0,4.0
247,u249322,"""Forensic Specialist Amy Sutton offered her heart",5.0,5.0
248,u20175,"Now I thought, you know, if we just did good science,",4.0,4.0
249,u272631,About three milesahead there's a section missing.,2.0,2.0
250,u227327,"I don't mean that, I'd like to eat alone.",3.0,3.0
251,u155717,"You're not gonna keep him in the backyard, are you?",4,4.0
252,u193574,I really don't think this was part of any game.,4.0,4.0
253,u243270,Make sure he doesn't snap and hurt somebody.,4.0,4.0
254,u174585,I want you to know the truth about your mother.,4.0,4.0
255,u1844,"is the means to strive for a more perfect, more aware,",5.0,5.0
256,u271292,"I promise you, I'il play you next season, okay?",2.0,2.0
257,u242170,And you get a gold star from Cuddy.,4.0,4.0
258,u69042,"But when they took Deck 11, they just stopped.",5.0,5.0
259,u179576,"For fuck's sake, Judy, I've taken an hour out to come over here and be room meat.",4.0,4.0
260,u103966,I had no idea what Kicking Bird's decision would be.,4.0,4.0
261,u273004,"What the fuck are you supposed to be, man?",4.0,4.0
262,u225765,Get your feet out of the water.,1.0,1.0
263,u27958,We hope that the attendees of this conference will usher in,5.0,5.0
264,u173105,"It's only Everyman, the coolest comic book ever.",2.0,2.0
265,u152985,"I was sitting in the garden of my very nice house when an old man approached, and he said to me,",2.0,2.0
266,u224955,"If I tap the whole contingency, just over 10 million.",4.0,4.0
267,u196028,"Just, you know, keep going with the partiaI responsibility and exploiting him Iike you are now.",4.0,4.0
268,u241979,I got too much on my platter.´´,2.0,2.0
269,u156597,You know what would have been really nice?,4.0,4.0
270,u192439,How should I get them to you?,2.0,2.0
271,u268564,"I mean,just give us a little bit more time.",2.0,2.0
272,u166279,"""Conventional Archetypes of Beauty and Their Effect on the Opposite Sex.""",1.0,1.0
273,u290718,I'm just afraid that the neighbors might overhear.,1.0,1.0
274,u200103,"Before moving on to the major business,",5.0,5.0
275,u76330,"If you pour for yourself, you'il never get married.",4.0,4.0
276,u53747,and the terrible materials that we're building schools out of these days.,2.0,2.0
277,u280635,They have a course on it here.,5.0,5.0
278,u187458,That's how they move up and down.,5.0,5.0
279,u103470,"I don't care. ln the end, they'il beat you.",4.0,4.0
280,u54848,I think everybody should do it -- think that you've got three wishes.,2.0,2.0
281,u233559,Can I go back to sleep now? -Okay. All right.,2.0,2.0
282,u154934,I'm trying to deal with all of this mess.,4.0,4.0
283,u195443,Let's see you walk away from this.,4.0,4.0
284,u264956,I don't even know what you're talking about.,2.0,2.0
285,u92704,He's bleeding out.I don't think he'sgoing to make it to the hospital.,1.0,1.0
286,u272861,"You can leave my crime scene now, okay?",4.0,4.0
287,u79203,"What's the, er, nature of your visit to Naples?",2.0,2.0
288,u198224,"I will not let you go, motherfucker!",3.0,3.0
289,u73257,"""It's mine sir, does it please you?""",4.0,4.0
290,u74101,"So, my dear, what would you like to wear to the coronation ball?",2.0,2.0
291,u187864,That's the secret to all great dancers.,4.0,4.0
292,u50035,because people will have a tendency to show you world class behavior,3.0,3.0
293,u274706,"All through the backgammon and cigars, I tried.",4.0,4.0
294,u255241,"Teacher, these are Meng and Shu's carriages",2.0,2.0
295,u204669,"When I'm done withthe humans, they won't be able to say, ""Honey, I'm home,"" without paying a royalty!",4.0,4.0
296,u184510,"I think that motherfucker's trying to set us up, man.",3.0,3.0
297,u52458,"because we are going to look after you every moment of it.""",4.0,4.0
298,u110398,By creating something secure like a bank vault or a jail.,3.0,3.0
299,u261710,How much could I make in a day?,3.0,3.0
300,u246144,I promise to God I´il bury you here.,2.0,2.0
301,u186065,I was just explaining to the lovely Mr. Needlebaum about the surprise.,3.0,3.0
302,u78311,"And then he asked for the worst, did old Lucius.",4.0,4.0
303,u244102,"Sam, I need youto clean the pool tonight.",2.0,2.0
304,u106699,Please do not force her to go,3.0,3.0
305,u90363,God came to him earlier that day and told him that the time had come.,4.0,4.0
306,u67469,"And yet, I can't help wondering about the friend I leave behind.",4.0,4.0
307,u221738,But Ebert over here don't give a shit about that kind of thing... because he's like in love with this John Hughes guy.,4.0,4.0
308,u279605,"Nowadays, no one has a full meal",2.0,2.0
309,u175024,"My Lord, I call my first witness!",2.0,2.0
310,u18294,"If it's not picked up by a human, like me and you,",4.0,4.0
311,u206209,"My dear Mr. B. This is a thank youfor all that you've given me.. the oppurtunity, the kindness, the warmth, the--",2.0,2.0
312,u286367,"Now men in general,but that's not the point.",5.0,5.0
313,u227110,"If you get stuck... just wave and announce, ""Continue,""",1.0,1.0
314,u238182,So let us fight our own battle.,3.0,3.0
315,u247500,"Mr. Manners, you need to implement evacuation protocols immediately.",2.0,2.0
316,u80747,"I Iike dropping a fancy brand name in now and again,",2.0,2.0
317,u207496,"I want to put the things better, does he/she know?",3.0,3.0
318,u70167,Now those who sleep will get up and walk.,4.0,4.0
319,u178834,"And I hope you don't mind, but we like to pay cash in advance.",2.0,2.0
320,u138322,"Hey, let me buy you a drink.",2.0,2.0
321,u102460,"Look, don't lay it on me!",4.0,4.0
322,u242491,What's the differential for a twitch in the wrist?,1.0,1.0
323,u282389,Whoever gave him C.P.R.didn't know what they were doing.,1.0,1.0
324,u144425,What did you want us to do?,2.0,2.0
325,u198650,I am awashed with it That it lives shows the breath of my Magnalimita.,5.0,5.0
326,u105436,You would not believe what I've been through tonight.,3.0,3.0
327,u178042,"Buy the gasoline adds three waters, pouring his old mama",5.0,5.0
328,u79762,That was the basic philosophy of the original architects.,4.0,4.0
329,u8837,and the day we showed up turned out to be a 60-year-old man's birthday.,2.0,2.0
330,u211485,So _BAR__BAR_ the work that a thing he crab is mighty?,5.0,5.0
331,u80002,"Hey, is that a new kid or something?",2.0,2.0
332,u117503,"You see, it becomes a ""Y"" after a few drinks.",5.0,5.0
333,u187044,If you do what I say and win this guy you stop me fill the bag and works with me.,5.0,5.0
334,u92677,"Mr. President,I have given you a great deal oflatitude to sort out your domestic situation, and now there is a threat to my homeland,and I need your cooperation.",3.0,3.0
335,u176262,"We expand our hubsto Atlanta, North Carolina and St Louis.",1.0,1.0
336,u227727,And nothing I ever did ever took that feeling away.,4.0,4.0
337,u104453,"We don't know what the connection is, but Seamus is our only link to Kitty.",3.0,3.0
338,u17686,you've got to wonder: so what do banks have in store for you now?,3.0,3.0
339,u12851,And so those epiphytes are actually paying the landlord a bit of rent,4.0,4.0
340,u7461,"with a little bit of help from me, and a lot of help from Paul Allen",1.0,1.0
341,u17117,But that is not the most distant or most famous picture of our planet.,4.0,4.0
342,u48429,"during the 20th century, there would have been two billion deaths rather than 100 million.",3.0,3.0
343,u13672,"and a large part of the other unique, marvelous animals and plants on that island --",5.0,5.0
344,u82809,But she's always with you in spirit.,4.0,4.0
345,u261326,"It's a pleasure to meet you, C.J.",1.0,1.0
346,u247235,"But right now,Mr. President,wemust all evacuate the U.N.",4.0,4.0
347,u113639,The priests told us it was God's punishment.,2.0,2.0
348,u210514,Can't help but wonder how they would've operated these times.,5.0,5.0
349,u174295,"Half of them went into action without arms, led by men they didn't trust.",3.0,3.0
350,u296180,Jimmy MacElroy stands alone at centre ice.,2.0,2.0
351,u267332,And back me upif someone's shooting at me.,2.0,2.0
352,u273250,I don't even know what time zone I'm in.,1.0,1.0
353,u106234,I grabbed as much as I could.,4.0,4.0
354,u2522,in which the person is fully immersed in what he or she is doing.,1.0,1.0
355,u195171,"If you do it for me, I will do anything you want.",3.0,3.0
356,u286322,All the women they're gonna miss out on.,4.0,4.0
357,u132136,But we can't show upwithout the anniversary gifts.,1.0,1.0
358,u217446,"When I call him, his phone plays ""Brown Eyed Girl.""",1.0,1.0
359,u194695,It's just like this drink you get all the time.,4.0,4.0
360,u28819,it doesn't leave the -- doesn't change the phenomenon of electricity or magnetism.,3.0,3.0
361,u130681,And I'm hoping you're gonna say it back.,4.0,4.0
362,u120794,"""and, when the anchor had been cast and the ladder lowered,",4.0,4.0
363,u189482,"Just like you, preserving those great artworks.",4.0,4.0
364,u84231,But it says here we gave her the warfarin.,3.0,3.0
365,u31696,"and put the door, you know, being pulled up through the ceiling.",4.0,4.0
366,u2276,"OK sir, what year was it, first of all? That's why I start with a gentleman first.",4.0,4.0
367,u277208,You ain't gonna see an image brighter than this.,2.0,2.0
368,u63581,You don't have long to decide. -You have no choice.,2.0,2.0
369,u57437,"to have to have carved out a space for his own.""",5.0,5.0
370,u196497,I want you to show her the ropes.,3.0,3.0
371,u184296,Try to make it so three motherfuckers could eat.,2.0,2.0
372,u48345,So this is now a rope that knows the load on the rope,4.0,4.0
373,u131405,I just figured wecould make a few dollars on the side.,1.0,1.0
374,u283744,"Did you ever love a woman, Razin?",1.0,1.0
375,u121207,I'm concerned about this fleck material of which they speak.,4.0,4.0
376,u112301,"It may even be, for one particular sector of society.",5.0,5.0
377,u222817,I joined the chemical unit because I was pessimistic. so many pessimists !,3.0,3.0
378,u206663,"Well, look... we just wanted to know how the nose was working.",4.0,4.0
379,u63425,You'd be surprised what a girl without a dad will do for male attention.,4.0,4.0
380,u272047,"If we don'tbuy one, they'II all be gone.",2.0,2.0
381,u66439,And I'm not just saying that because he's my son in law.,4.0,4.0
382,u62843,"Go ahead, go back to turning tricks in Hoboken, you pain in the ass!",2.0,2.0
383,u261588,"The ob's done, and the bitch is dead.",4.0,4.0
384,u174170,"Well, you'il find that pretty creatures do ugly things to people.",2.0,2.0
385,u286528,"I’il be whoever you want me to be, honey.",2.0,2.0
386,u90325,'It was too messed up to understand or even acknowledge.',5.0,5.0
387,u241894,"But I won't care, even if I get fired.",1.0,1.0
388,u97556,They took me on a four-day ride.,4.0,4.0
389,u50211,"Now the bacteria are dilute, that little hormone molecule is gone,",2.0,2.0
390,u273162,Get back to me about the Dallas affiliate problem.,4.0,4.0
391,u290933,He has not yet been corrupted by power?,3.0,3.0
392,u223863,"Only if he doesn't get picked up by his own Wehrmacht first, then thrown back into circulation.",4.0,4.0
393,u148034,Go on or your father will get angry again.,4.0,4.0
394,u2593,This is the idea that we can study the sort of,5.0,5.0
395,u20671,"when you stop focusing on the self-centered situation of, how happy am I,",2.0,2.0
396,u67028,"I don't care for these balls, but one had to come for the girls",4.0,4.0
397,u60826,I'd climb roofs too if talent grew there.,3.0,3.0
398,u294086,"Anyway, don't you guys see what I'm saying?",4.0,4.0
399,u133946,"Afoot think I'm a thief, you're crazy.",2.0,2.0
400,u279474,"Now, this may be his last fight.",4.0,4.0
401,u86517,I got very good notices playing this part in Chicago.,2.0,2.0
402,u19865,So it's in that same sense that we look back in time,4.0,4.0
403,u24474,And now I'll give you a few seconds to read it,2.0,2.0
404,u94070,"I might be unfortunate,but I'm not a blitherin' idiot.",2.0,2.0
405,u178617,I hope for your sake that he sees how lucky he is.,2.0,2.0
406,u237824,I'm making my famous Coconut Pete's Paella.,1.0,1.0
407,u135074,Nor taken in hand unadvisedly– - [Buzzing],4.0,4.0
408,u258109,Now if only these leaks were just pretend.,4.0,4.0
409,u269695,"You have to do that as well, do you?",3.0,3.0
410,u192504,"He wrote a lot of good jokes for me there, honey.",2.0,2.0
411,u254825,Got any weapons on you besides these guns here?,2.0,2.0
412,u265189,A huge Phrygian bonnet will cover the chateau dome.,4.0,4.0
413,u169502,"You get no more than three years, you start serving it immediately.",1.0,1.0
414,u74053,12:40 is when you cancall your parents.,1.0,1.0
415,u205492,Yet you'il have to make that Poland come true in Europe.,5.0,5.0
416,u221204,Usually a lot less than people imagine.,4.0,4.0
417,u61850,We are drafting a strong denial for you.,2.0,2.0
418,u132279,What are we supposed to do now?,4.0,4.0
419,u276845,That's why I'm so stressed out right now.,4.0,4.0
420,u29226,We went to San Paulo where they have banned outdoor advertising.,1.0,1.0
421,u191458,For it is their family and friends who taught Andrew and Margaret to love.,1.0,1.0
422,u270795,I cannot believe I fell for it.,3.0,3.0
423,u10648,"She said he never thought of God, never talked about God,",1.0,1.0
424,u212499,"And tell him if he has to, tell him he needs a teammate or a spotter there.",3.0,3.0
425,u247075,"Oh, I don't know the first thing about love.",2.0,2.0
426,u269119,your weet what your to do state!,5.0,5.0
427,u108050,We haven't seen a penny in two months.,2.0,2.0
428,u41286,The second thing I want to do is introduce my co-author,2.0,2.0
429,u96168,Why wouldn't you learn to be an accountant?,3.0,3.0
430,u23565,And what kind of wireless technology are we going to use?,2.0,2.0
431,u16749,are trying to save the world and their position in the game.,4.0,4.0
432,u243783,I'm going to the Law Oouncil Dinner.,1.0,1.0
433,u90209,"You need a rock with a flat edge, because-because that one's jagged.",1.0,1.0
434,u196313,Then my mother found out and sent me to a Catholic boarding school.,3.0,3.0
435,u59079,"And so 15 years, actually, and about four billion dollars later,",5.0,5.0
436,u52683,"I mean, the story I tell is that I got mad at postmodernism -- at po-mo --",2.0,2.0
437,u237220,I already told him our cover story.,4.0,4.0
438,u121556,It must be in a box someplace.,3.0,3.0
439,u136162,And that silly little creature isn't wearing his ring,4.0,4.0
440,u276063,"She can't see you, but she has stabilized.",4.0,4.0
441,u18662,be the wireless standard three years from now? That's hard to say.,2.0,2.0
442,u187663,"He's rolling, and there's no stopping him. — When? — 0600 tomorrow. — Max!",5.0,5.0
443,u149301,"Let's give it upfor ""Rad"" Tad Simpson.",1.0,1.0
444,u257343,Of courseLiz was acting weird this morning.,3.0,3.0
445,u205287,"See, this is just what I gravitate towards.",4.0,4.0
446,u291232,You got this guy with the smoking hot wife.,2.0,2.0
447,u238769,You can'tjustswitch me on andoff like a bloodylightbulb.,2.0,2.0
448,u221977,"One time we were at the mall, we tied Tubby to the ceiling... and he went flying through the air, fuckin' crashed through the wall.",1.0,1.0
449,u183112,"This is James, and he's applying for a games job.",1.0,1.0
450,u157879,"""and I totally dismissed him like everyone else does in his life.",2.0,2.0
451,u210658,I know how he found me.,4.0,4.0
452,u29425,well it was pretty kickass; he was killing a fly in the house with a gun --,2.0,2.0
453,u33193,"which is considered to be the oldest underground train tunnel in the world,",4.0,4.0
454,u97910,You're one of those rare women who can handle the full-size Ford Expedition.,3.0,3.0
455,u88340,And I personally consider it to be reckless... and irresponsible.,4.0,4.0
456,u148271,How could you not know me and not be a stranger?,3.0,3.0
457,u32538,"Now, a historian tells me it's even more difficult to predict about the past.",3.0,3.0
458,u288849,"I'm sorry, it just occurred to me.",3.0,3.0
459,u296245,"Ok, that doesn't really answer my question.",1.0,1.0
460,u176470,"You coulda been one of the great ones, Buddy.",4.0,4.0
461,u70016,"Are you such a loser, you can't tell when you've won?",2.0,2.0
462,u211890,"Well, what about most of the time?",4.0,4.0
463,u236204,I receiveda call that said they were hurt.,3.0,3.0
464,u180785,"Grab me a beerwhen you get to the kitchen, okay?",2.0,2.0
465,u47991,and even across time -- as far forward as 18 months into the future.,4.0,4.0
466,u50327,"So really, this is how I would like to describe it.",4.0,4.0
467,u78023,"Were you the leader, or was your friend, Scheller?",2.0,2.0
468,u286569,So I should be fair to you.,2.0,2.0
469,u296169,"If you can dream it, you can do it.",1.0,1.0
470,u99663,Or we should probably hang around until someone orders it.,3.0,3.0
471,u57033,"that may be detrimental to the United States or a foreign nation?""",5.0,5.0
472,u240207,He can hear me talking right now.,2.0,2.0
473,u152344,"What the fuck are you gonna do, Franny?",3.0,3.0
474,u243931,Deep in her when they go ?,5,5.0
475,u46679,You can see the control for the engines is actually on the roof of the cockpit.,1.0,1.0
476,u27076,what I think was going on is: that first impact is actually,5.0,5.0
477,u73450,",We had just came out the deli.",1.0,1.0
478,u35450,"for a planet to be an Earth, to have a place",4.0,4.0
479,u117905,"He didn't get aII the weed, bitches.",2.0,2.0
480,u85536,What's gonna happen when I can't remember anything any more?,2.0,2.0
481,u245143,We'd be the number one firm in the country.,3.0,3.0
482,u293779,East China and south of Yangtze River.,1.0,1.0
483,u24257,Now many people begin trying to thumbtack the candle to the wall.,3.0,3.0
484,u44949,So he's working on a tool right there that can actually change the overall system.,3.0,3.0
485,u284178,Things will change around this house when school starts.,2.0,2.0
486,u149874,"Fuck, nigger, what the fuck'd you just do to his towel, man?",1.0,1.0
487,u288930,"That's correct, but then you'd still be dead.",4.0,4.0
488,u109044,"No, I don't know any more than the cops do.",1.0,1.0
489,u202528,Why you wanted to pass the disease to others?,2.0,2.0
490,u78061,Today I won't let you off so easy,4.0,4.0
491,u243935,"If you need to reach us, please call tomorrow",2.0,2.0
492,u102511,You got two kids on welfare now.,2.0,2.0
493,u135639,(ringtone playing) We also believe he may have already killed one man.,3.0,3.0
494,u217617,There doesn't have to be a reason.,2.0,2.0
495,u105606,But they might as well be pharmaceutical.,4.0,4.0
496,u50432,"we will be here all night, because basically all of metabolism",2.0,2.0
497,u76319,"If we were drowning, who would she save?",4.0,4.0
498,u117933,"But if you must know, we are the rejected, the humiliated.",3.0,3.0
499,u252563,This is how we do things downtown.,4.0,4.0
500,u243285,Do you guys work together a lot?,1.0,1.0
501,u186210,"Yeah, tell me something I don't already know.",4.0,4.0
502,u101105,"Never set eyes on a thing in this world,",4.0,4.0
503,u104485,"It's the end of the line, bird!",4.0,4.0
504,u143018,"His flight was canceled; I was parked at the airport hotel; he checked in, and I figured I'd see what all the fuss was about.",2.0,2.0
505,u16641,"of hawk moths and cockroaches, and now I'm beginning to wonder",5.0,5.0
506,u189367,We could bring people that contribute. has been damaged by a series of major earthquakes.,5.0,5.0
507,u61956,My orders are to get this information to the people who make the decisions.,1.0,1.0
508,u109943,I will clean up all those that go against the will of heaven,4.0,4.0
509,u242705,Get a sample of her bone marrow.,2.0,2.0
510,u68322,You know I could have you arrested?,2.0,2.0
511,u196449,And she had some pretty big ideas that she challenged me with.,2.0,2.0
512,u75641,I have a strange feeling about this murder.,3.0,3.0
513,u157313,"Put all that together, what do you get?",3.0,3.0
514,u217433,"♪ Our whole universe was in a hot, dense state ♪ ♪ Then nearly 14 billion years ago expansion started...",1.0,1.0
515,u230980,These summer months this room gets like a bake-oven by 9:00 in the morning... so I operate at 5:00.,1.0,1.0
516,u56046,"Then I thought, ""I will go to the Small Scale Industries",3.0,3.0
517,u2813,Alright? That's not something that we can finance or buy today.,3.0,3.0
518,u216632,And your splendid children are going to show Europe,4.0,4.0
519,u287168,I knew there wouldn't beany weirdness between you two.,2.0,2.0
520,u127581,"See, growing up... my older brother's friends all had bad names.",3.0,3.0
521,u297391,That's just what I was thinking about doing.,4.0,4.0
522,u45999,"We have taken care of over 1,000 indigent patients that could have died,",1.0,1.0
523,u185797,I was just gonna pretend to try… so that they can see it wouldn't work and they can forget about it.,3.0,3.0
524,u292315,"I do have an MA in ""fuck you.""",2.0,2.0
525,u189518,You could just block everything out and write.,2.0,2.0
526,u168551,"We have all the parts we need, but we're slightly behind schedule.",2.0,2.0
527,u281552,How come you haven't married her before now?,3.0,3.0
528,u105758,"I've been hanging out with Sebastian a lot over the last couple of weeks, and there's these similarities and coincidences that--",4.0,4.0
529,u99210,"Well, the duration is important so how long will he... 15 years.",4.0,4.0
530,u67691,I hear it's part of the final.,4.0,4.0
531,u229078,"Don't you think he looks well, Theo?",4.0,4.0
532,u49088,We can turn the volume up a little bit if that's available.,1.0,1.0
533,u143133,"Then they told you about his argument and subsequent fight with Lieutenant Jasper Ferry here, which Wexler lost after a well-deserved head-butt.",4.0,4.0
534,u107362,"Well, who am I to be telling you what to do, huh?",4.0,4.0
535,u294286,Your actions say more than words ever could.,1.0,1.0
536,u75625,Why does he do half the things he does?,4.0,4.0
537,u8071,I ended up in the local bookstore around the corner from our offices.,1.0,1.0
538,u156381,Till all the world knows your story,4.0,4.0
539,u251163,I get paid to count them here.,3.0,3.0
540,u223258,"We'il look into it for you, Ruby.",2.0,2.0
541,u70538,"Prof. Bauer, I dare say,will be greatly disappointed.",2.0,2.0
542,u102779,Do you suppose he meant the Camargue?,4.0,4.0
543,u78450,"With a comfy seat and lots to eat Boy, it's just the best",2.0,2.0
544,u142085,"There is this European company that we're trying to make a deal with, okay?",2.0,2.0
545,u69886,We gotta get our asses into Mexico tonight.,2.0,2.0
546,u240840,"Now, who'd like to come and say hello?",2.0,2.0
547,u175442,Is this because of what you did with my grade?,4.0,4.0
548,u298195,They built them a lot smaller back then.,5,5.0
549,u219717,You ought to just kind of bite into the apple like the rest of the world.,3.0,3.0
550,u241181,"Hey, what are you doing here on a Sunday?",2.0,2.0
551,u17595,But what we also know is that species like these sea turtles,5.0,5.0
552,u195344,Mikhail said that if the kid doesn't come out of here alive-,5.0,5.0
553,u264149,And that is what is at stake.,5.0,5.0
554,u163242,"You should let me take a look at you, miss.",4.0,4.0
555,u138962,I think the Batman deserves a medal.,1.0,1.0
556,u284850,"Perhaps we could cover a little philosophical ground,",2.0,2.0
557,u191632,Why are we taking all these risks all of a sudden?,3.0,3.0
558,u162982,"That something you studied up at Berkeley, Chris?",4.0,4.0
559,u140916,"But when you're down 27 points in the fourth quarter... that's when you got to ask yourself, ""Who you gonna call?""",4.0,4.0
560,u297158,"It is so, it is so amazing.",2.0,2.0
561,u183195,"You know, like Charles Dickens, for example, wrote what you might call travel books, but he visited prisons and mental asylums.",2.0,2.0
562,u236267,I'm starting to miss the love from the streets.,4.0,4.0
563,u271075,"But in order to please my dad,",5.0,5.0
564,u179559,Thank you all for coming today to the Interim Anglo-American Resources Forum.,1.0,1.0
565,u227437,I hate anyone that isn't white Protestant.,1.0,1.0
566,u123598,"my beautiful... uh, which I, uh, have cleaned since last night.",4.0,4.0
567,u167521,Screenwriter and producer of Sex Drive.,2.0,2.0
568,u5095,"and it certainly is profitable when you fly people at 200,000 dollars",4.0,4.0
569,u28943,"Yeah, but there were hundreds of individuals, obviously, who made that a reality.",4.0,4.0
570,u209340,"Mr Bomen, what do you think so far?",2.0,2.0
571,u250509,I will give you what you want.,4.0,4.0
572,u289098,But I'm going to ask you one question.,4.0,4.0
573,u173776,Who's to blame for what's happened in Flint?,4.0,4.0
574,u24814,"focus groups, and they would sit all you people down, and they would say,",4.0,4.0
575,u275893,A waterlogged stick will do just fine.,2.0,2.0
576,u47281,and I thought -- well you know how we all are.,5.0,5.0
577,u207472,"They are going to bed, and brush the teeth.",1.0,1.0
578,u92068,"I never meant to hurt anyone, least of all you.",2.0,2.0
579,u220706,What have I got to be angry about?,3.0,3.0
580,u116955,He was about to kick off an energy race that was gonna dwarf the arms race.,2.0,2.0
581,u81854,You think that God will smite him because of our insensitivity?,3.0,3.0
582,u212871,The way it's gonna come out of your...,5.0,5.0
583,u255479,"You can't keep her cut, can you?",5.0,5.0
584,u14156,"I was swallowing the bitterness, sitting here alone and watching them.",4.0,4.0
585,u16212,"they bring this mobile theater and they do what they call an ""after action review""",2.0,2.0
586,u172483,Once you get older... some of the things that you love might not seem so special anymore.,2.0,2.0
587,u266197,Those barrels of poison they got there.,2.0,2.0
588,u116226,Let me get this off of you.,4.0,4.0
589,u198312,"So you wanting to become a police officer, is just not gonna happen.",2.0,2.0
590,u265531,"Shoulder area, large,discreet drops in a single line.",4.0,4.0
591,u197304,What about those offenders who have influence?,4.0,4.0
592,u268454,I've seen it happen a number of ways.,4.0,4.0
593,u164701,"Tell me, how can I survive in Dojo Street?",3.0,3.0
594,u135034,"When the money stops, the house will be taken.",2.0,2.0
595,u251696,I don't even believe in money anymore.,4.0,4.0
596,u77170,"Good, 'cause if he wasn't, you would.",5.0,5.0
597,u282047,"I'm sorry, David, but it's a no.",1.0,1.0
598,u273130,I don't think that was my point!,2.0,2.0
599,u289973,If you win I walk away from here.,3.0,3.0
600,u281312,God knows how much this one will cost us.,4.0,4.0
601,u222112,"No, there's a different sort of foul play afoot, children.",3.0,3.0
602,u165378,"You're talking about things that, I think, at some level you sense just do not make sense.",3.0,3.0
603,u21322,"DK: This next project, we were asked to design a pavilion to celebrate",5.0,5.0
604,u288541,It will incite more fights when others find out,4.0,4.0
605,u22781,"hope lies in sense, you said -- it's making a nonsense.",3.0,3.0
606,u118509,He'd been here when he was young.,2.0,2.0
607,u273805,I don't like people for extended periods of time.,1.0,1.0
608,u210085,I am trying to get him out in 15 minutes.,3.0,3.0
609,u68541,I don't like to say it like this... butJerry's going to be unavailable.,4.0,4.0
610,u55396,"? And if I am, I wanna be like Emma McCune ?",5.0,5.0
611,u11905,"Well, the reason it's such a bad job is that there's somebody",4.0,4.0
612,u138964,"Wow, it is good to see you.",2.0,2.0
613,u199363,"So you were just kidding about the meet with Garsik, right?",3.0,3.0
614,u44097,"for example, for the design of -- the lessons from this --",5.0,5.0
615,u267780,I just felt like I could have done more.,3.0,3.0
616,u48452,in the 1960s. The people who said that rock 'n' roll would lead,4.0,4.0
617,u855,"So, we should put it in the San Andreas Fault Line in San Francisco,",4.0,4.0
618,u294493,We were lucky to make it out alive,2.0,2.0
619,u277666,And now I am left with unfinished business.,4.0,4.0
620,u220889,I'm so glad to be with you.,2.0,2.0
621,u296954,I was rowing stroke in a Russian coxed four.,3.0,3.0
622,u204154,What the fuck was that about tonight?,4.0,4.0
623,u117481,I thought we were supposed to be making up our own rules.,2.0,2.0
624,u28388,They help companies and other designers think better about the future.,2.0,2.0
625,u150593,""" If this is where the monarchy is headed",5.0,5.0
626,u175287,I want you to take a look at this.,3.0,3.0
627,u153166,"And, if it has, you tell him you have a friend, a very fine detective, a lady detective, as a matter of fact, who will find this missing item.",3.0,3.0
628,u114839,"Claudius found out about the marriages, and he threw Valentine in jail--",4.0,4.0
629,u210024,Who's in charge of the deposition schedule?,1.0,1.0
630,u100219,"Amy,I know I'm not an easy-going person.",1.0,1.0
631,u155610,This one speaks for us that we may talk to you as a man.,4.0,4.0
632,u34964,what a healthy vagina looked like and what a mutilated vagina looked like.,1.0,1.0
633,u213056,"'Where we're going, we don't need roads.'",4.0,4.0
634,u47926,a pilot was flying over the landscape and found this thing.,4.0,4.0
635,u59255,Will you take that small one out?,4.0,4.0
636,u124725,What do they expect you to do?,4.0,4.0
637,u32159,"of what Africa looked like between 60,000 and 70,000 years ago,",1.0,1.0
638,u232594,It was between me and Salvy.,4.0,4.0
639,u32321,"has got to have some kind of relationship to the planet,",4.0,4.0
640,u241294,"Maya, could we have some privacy, please?",1.0,1.0
641,u93642,His ex-wife and daughter live in Malibu.,1.0,1.0
642,u153410,It's so pink. /- That is one sad /tail.,2.0,2.0
643,u76085,Super Furry Animals 'Slow Life'## Move you #,4.0,4.0
644,u267386,Why does he kill so many different ways?,5.0,5.0
645,u147597,You can get killed walking your doggie!,2.0,2.0
646,u130201,There was another study of all the articles in the popular press.,3.0,3.0
647,u262557,"We're renovating, just trying out the colors",1.0,1.0
648,u272625,"OK, son, you can try and unload the driver.",4.0,4.0
649,u72323,"Four million tennis players in the world, and I'm 119th.",1.0,1.0
650,u13303,Maybe you ought to buy efficiency at 26 bucks instead of 12.,3.0,3.0
651,u19075,"These are tiles. The word, ""playful"" is a necessary aspect of our work",2.0,2.0
652,u23607,"I know that they were tougher for a lot of people,",4.0,4.0
653,u296290,"At least, better than sitting around waiting to die",4.0,4.0
654,u25515,the faculty decided to honor itself by naming Mr. Teszler Professor of the College --,3.0,3.0
655,u107658,for coming to this shithole you call a town.,2.0,2.0
656,u136184,"You should beat home, prostrate with grief.",4.0,4.0
657,u107637,Someone who bore a grudge against one of these men.,3.0,3.0
658,u268571,"Yes, ma'am, he snatched it up and ran off.",1.0,1.0
659,u24560,"And just how brave he was in 1960, bear in mind.",5,5.0
660,u163811,The disappointing buddy comedy Chitlin' & the Dude was followed by an ill-advised venture into serious dramatic territory.,1.0,1.0
661,u248223,And I've totaled three cars in three years.,1.0,1.0
662,u219301,"If something should happen, if I should slip and fall,",4.0,4.0
663,u37476,"ED: You've seen that film, and what's so great about this",4.0,4.0
664,u165503,"It goes both ways, but the people who actually-- usually do the killing for it wind up on the Muslim side.",5.0,5.0
665,u125086,"Say, boys and girls, in the name of Jesus.",3.0,3.0
666,u27412,"So we're just seeing as large a scale structure as we can see,",4.0,4.0
667,u249922,"Remember, I was a kid once, too.",2.0,2.0
668,u119904,"And if I had stayed with him you'd be the one that's pregnant now, Mama.",4.0,4.0
669,u92792,"Personally,I don't care where his body rots,but my mother will want a proper burial.",2.0,2.0
670,u56600,"Or it can be in today's retail, in the shopping environment --",5.0,5.0
671,u194835,"I mean,she was only here for a couple of hours.",3.0,3.0
672,u60882,They say there is nothing that you cannot paint.,2.0,2.0
673,u218666,# Just so he can match your eyes,4.0,4.0
674,u222479,So l´m gonna need some help down here.,4.0,4.0
675,u136648,I offer no aid to one side or the other.,1.0,1.0
676,u4510,"Something very interesting is going on here in the angular gyrus,",4.0,4.0
677,u179883,My name is Wikus Van De Merwe.,1.0,1.0
678,u251042,"Those are fine examples of the female,",5.0,5.0
679,u158444,She put too much of her power into this.,4.0,4.0
680,u202993,And that weasel is in cahoots with Fasto.,3.0,3.0
681,u203294,"Hey look, it's that fruit from the wedding.",4.0,4.0
682,u63232,Think she'd be proud of you saying things like that?,4.0,4.0
683,u145750,How have you managed notto learn the slightest thing?,2.0,2.0
684,u79964,He is seeking to coexist with us peacefully.,2.0,2.0
685,u273695,Maybe you'il find a use for it someday.,1.0,1.0
686,u189856,Do you know that Anna is going to publish a book?,2.0,2.0
687,u82128,"I thought we were having a""state the obvious"" contest.",4.0,4.0
688,u266617,Know why they can laugh out loud?,5.0,5.0
689,u247173,Farhad may be able to help us I.D.these men.,2.0,2.0
690,u96474,The man who lives in this house and calls you son is not your father.,1.0,1.0
691,u191219,I'm on my way to the marriage bureau.,1.0,1.0
692,u286924,"The day Ghost died, you were not at home",4.0,4.0
693,u109442,The only way we're gonna get out of this is if we escape.,3.0,3.0
694,u106185,"Despite what Mom and Dad say, it doesn't always have to be about winning.",2.0,2.0
695,u81150,"Oh, okay, and, uh, why is her test better than mine?",4.0,4.0
696,u248870,But I think it's going to snow,1.0,1.0
697,u96374,Just make sure she is a human being,4.0,4.0
698,u237079,"Childs, go see if he got to the tractor.",4.0,4.0
699,u215277,"Eric, are those the cleats I just bought you?",2.0,2.0
700,u287267,How much more of this do I have?,5.0,5.0
701,u97077,"""I am sending this letter to express my gratitude",1.0,1.0
702,u21996,If this was the dictionary -- if this was the map of American English --,4.0,4.0
703,u18100,"And so I can start this discussion in any number of places,",3.0,3.0
704,u289186,"They're just laughing, what's so bad about that?",4.0,4.0
705,u140736,Just wanted to come by and welcome you to the building.,1.0,1.0
706,u56468,"What if it is the equivalent, depending on where you are,",5.0,5.0
707,u277626,"We need to earn that trust, you understand?",2.0,2.0
708,u132685,"Thrust this into another man's flesh, and then they will applaud and love you for that.",4.0,4.0
709,u198609,If we cannot protect our humans that makes us no weak.,3.0,3.0
710,u292959,"Yeah, nothing bad is gonna happen to you.",4.0,4.0
711,u79967,"But the Old Men stopped Gaea, working on their will.",4.0,4.0
712,u232703,"If you believe it's a thrill to be standin' before you wonderful people, then... you're all full of shit.",3.0,3.0
713,u128228,You wanna leave all of this to go look at some damn lights in a swamp?,3.0,3.0
714,u112001,Must think over my position and how I may improve it.,1.0,1.0
715,u146783,"My zebra wins, I get your filly, the white jumper.",5.0,5.0
716,u63847,This is the wood of the cross,4.0,4.0
717,u198908,"We are thinking of seeing a therapist, yeah.",2.0,2.0
718,u6377,"you don't want to have your eye drop too far in the recline,",4.0,4.0
719,u137515,How are you enjoying your assignment to the B.A.U.?,3.0,3.0
720,u273562,"""Metternich is a worse tyrant than Napoleon"".",4.0,4.0
721,u230162,We must bury it in the dark before it is too late!,5.0,5.0
722,u9265,"What people wanted as a behavior was to have an explosion,",4.0,4.0
723,u222955,"other than Yuka, two more characters are in her mind. one is an alien named Andria. the other is a girl named Rieko.",1.0,1.0
724,u81864,"It's violent, it's ugly, and it's messy.",4.0,4.0
725,u58255,it goes back to betting on good people doing good things.,2.0,2.0
726,u111786,He launched a dug out into a hollow along the Carolina river.,1.0,1.0
727,u165237,We can answer the questions of the skeptics that attack the Bible's history.,1.0,1.0
728,u1059,"Of course, the real importance for bees is not the honey.",3.0,3.0
729,u223893,"That was a recon element, 2nd SS.",4.0,4.0
730,u49698,"that will benefit the people that are trying to exploit those forests,",4,4.0
731,u196963,"I hate to give credit to anyone who looks like Yosemite Sam, but I'm writing it down.",3.0,3.0
732,u157782,"I've tried, all right, there's a couple of dudes here, but they're kind of weird.",3.0,3.0
733,u27272,"And the way we do it is, we do it in workshops,",3.0,3.0
734,u279972,This is gonna be so much fun!,3.0,3.0
735,u86815,SYNAPSE links every communication device on the planet.,1.0,1.0
736,u160053,"As you are all aware, in the past two days alone, the 10th Army has given up Ancona, the 14th Division has been pushed out of Livorno.",4.0,4.0
737,u236339,The King of Qin has summoned me.,3.0,3.0
738,u206843,1200 families are living in houses for normal citizen that's 106 square meter.,2.0,2.0
739,u199352,The bitch put me through the wringer.,2.0,2.0
740,u14634,"And it was done not by us, not by me, but by nature.",3.0,3.0
741,u277828,"Should have thought about a sandwich, not vodka.",2.0,2.0
742,u116279,"So, Max, you Say you've been having thoSe viSionS again?",3.0,3.0
743,u54346,"to guess how many people die from tornado, fireworks, asthma, drowning, etc.",2.0,2.0
744,u123065,We're entering for each puzzle... the number of words and letters the contestant got wrong... and the number of minutes ahead of the deadline he or she finished.,1.0,1.0
745,u204146,I've just never been in a relationship like that before.,4.0,4.0
746,u35647,"When I was born, my mom says I looked around the whole hospital room",1.0,1.0
747,u70955,"Now, we just get through one more night, the boat will be here tomorrow.",2.0,2.0
748,u279251,Nobody from city will come to town,1.0,1.0
749,u179979,Where they sold cat food to the aliens for exorbitant prices.,4.0,4.0
750,u205796,"We have three roadblocks - here, here, here.",4.0,4.0
751,u255339,If you're late for one more day.,4.0,4.0
752,u80779,"Oh, Nik, this is a complete drag.",2.0,2.0
753,u207394,"I implore, please, don't just go, you have children and you have family.",3.0,3.0
754,u85676,"Well, tonight you were an arrogant arse.",2.0,2.0
755,u236553,If it enters at precise pressure points,5.0,5.0
756,u59361,"Paris-Marseille 2 airbags in front, 2 in back, 4 at the sides.",1.0,1.0
757,u121296,They have no gizzards to be impaired by the power of the flecks.,5.0,5.0
758,u220331,"I've been having these spells, and trouble breathing, mostly in class.",2.0,2.0
759,u79491,"Yuri, you bought those oil leases with 20 million in stolen ClA seed money.",1.0,1.0
760,u175852,"lf this guy owned a funeral parlour, no one would die!",2.0,2.0
761,u131517,"We never did ourIaundry together, and that was it.",3.0,3.0
762,u28913,and getting the money for the stamps that we were sending out all of [this mail].,3.0,3.0
763,u119067,Did you know sometimes two rainbows will appear?,1.0,1.0
764,u227631,"Mitch has got a little something extra on the side with them boys, you know.",4.0,4.0
765,u285185,"I would introduce you, but I forget name.",1.0,1.0
766,u37104,"And I couldn't wait to get into the dark in the middle of the night,",4.0,4.0
767,u261534,Can you come over to the house please?,2.0,2.0
768,u113666,Out of respect I grand you that choice,2.0,2.0
769,u4068,MT: I like to think of myself as an honest magician.,2.0,2.0
770,u193,"But once a fortnight, they actually put the computer on their dining table,",2.0,2.0
771,u161203,What did you say your name was?,1.0,1.0
772,u135727,Consider the choices you have made in the past.,1.0,1.0
773,u220783,"As in ""to vent,"" original derivation from the Latin exventare.",2.0,2.0
774,u167651,And it don't make no difference to me,2.0,2.0
775,u159244,Why don't you lie on the bed?,1.0,1.0
776,u138979,"Well, he moonlights as a low-level enforcer.",2.0,2.0
777,u188183,"As always, whatever you choose to be, you will have a proud mother.",2.0,2.0
778,u48238,The first thing that you have on the tax is --,5.0,5.0
779,u144573,"And basically, it's got my name all over it.",4.0,4.0
780,u13686,that we are at risk of losing a great deal of it before it is even discovered.,5.0,5.0
781,u255281,I'm afraid they are not my specialty at all,2.0,2.0
782,u136244,When everybody sees you They will all be quite impressed,1.0,1.0
783,u52686,And they started to have a life of their own and got bigger --,5.0,5.0
784,u46878,"It's been a while since you guys have been picking your last bale of cotton, isn't it?",5.0,5.0
785,u96664,"China has opened its doors, but it still remains a distant and largely unknown world.",3.0,3.0
786,u175390,"You broke into our system just to play a game, right?",2.0,2.0
787,u143828,So why are they on your walls instead of magazine covers?,4.0,4.0
788,u266572,But can I please do it my way?,2.0,2.0
789,u33857,We've found that there are ways that you can train your brain,1.0,1.0
790,u42385,"The standard explanation is that the universe somehow sprang into existence,",2.0,2.0
791,u23172,"""You build this, you build this, you put this, and it'll work.""",5.0,5.0
792,u133000,And that he selected him at random.,5.0,5.0
793,u9156,"All right, now that might seem like an even taller order to actually demonstrate.",4.0,4.0
794,u149880,"Look, I ain't threatenin' you or nothin', all right?",4.0,4.0
795,u124082,What about tolerance and difference... do they mean nothing?,3.0,3.0
796,u141985,"That's the way it works, you know?",4.0,4.0
797,u39743,We showed it could be done. It was an amazing journey.,3.0,3.0
798,u26898,and are actually quite quick to point out when they閳ユ獧e broken.,5.0,5.0
799,u172275,"A car stoppedin front of him, Sanborn.",1.0,1.0
800,u8027,The first thing we usually do when someone disagrees with us,4.0,4.0
801,u80535,You´re gonna wake up-- - Max.,4.0,4.0
802,u205646,"In my presence, this rosary was pried out of your brother's hand.",3.0,3.0
803,u146367,I'm never drinking coffee as long as I live.,1.0,1.0
804,u109389,"If they owe a little, I go for their knees.",2.0,2.0
805,u105045,You have more toys than you know what to do with.,1.0,1.0
806,u36324,"and so huddled around books with photographs of people in Auschwitz,",5.0,5.0
807,u141862,How has he not been tranquilized and tagged?,4.0,4.0
808,u1214,"and I've certainly developed a thick skin thanks to Internet comments,",2.0,2.0
809,u62352,I'm not a person whose husband beats her up.,1.0,1.0
810,u37108,"or no, does it go onto infinity in both time and space?",3.0,3.0
811,u60215,It was just one of those spontaneous things my girlfriend and I do.,3.0,3.0
812,u248270,They sounded perfect from what you said.,3.0,3.0
813,u116981,I've been authorised by Director Fury to use any means necessary to keep you on premises.,4.0,4.0
814,u31903,"Obviously, I'm the optimist and a big believer in what's going on here,",4.0,4.0
815,u212862,"I know my job is to just support you in whatever it is you wanna do, and, I'm in, you know.",2.0,2.0
816,u66899,These young people must know what they can count on,3.0,3.0
817,u123620,Small Jacuzzi on the fucking small yacht.,1.0,1.0
818,u75233,Those are only good for wiping your ass.,2.0,2.0
819,u127898,"It seems he destroyed his own coven, sir.",4.0,4.0
820,u192744,"There's something I've really been wanting to tell you, George.",4.0,4.0
821,u256053,Seems an awful lot of salt beef.,1.0,1.0
822,u9623,"It also may be very, very different in its fundamental properties 閳?",4.0,4.0
823,u2464,The unit of intelligibility of most of our brains is the story.,2.0,2.0
824,u30541,"an anonymous IP number, made an edit to my page --",2.0,2.0
825,u294302,"Oh my God, that burns so good.",4.0,4.0
826,u88352,I'm supposed to ask you to reconsider.,3.0,3.0
827,u228843,"But if I could, I'd go back there tomorrow.",4.0,4.0
828,u198347,"I've got to thank you man, you know, like I felt like shit this morning and now ...",4.0,4.0
829,u91104,"Now, I want our boys... to raise their heads.",4.0,4.0
830,u127408,You're gonna teach me to dance up here?,3.0,3.0
831,u21544,"So here you will become famous by the end of your 50s,",2.0,2.0
832,u90793,He had finally sent me a vision.,4.0,4.0
833,u40565,where he gets some of The 99 to work for him --,5.0,5.0
834,u77334,I don't believe a word of it.,2.0,2.0
835,u36185,"take the cells from that and insert it into a fertilized cow's egg,",3.0,3.0
836,u104939,It's such a shame if you don't make it.,4.0,4.0
837,u206845,"In Bundang's case, 620 families are living in house for normal citizen that's from 69 to 86 square meter.",1.0,1.0
838,u13742,I've worked as a doctor clown in a hospital for two years.,1.0,1.0
839,u161809,"I'm gonna show you ugly, you fucking mother...",2.0,2.0
840,u281913,And I shall be your fiercest adversary.,1.0,1.0
841,u44773,sort of like a dynamical system that's being coaxed down into a stable state.,2.0,2.0
842,u114040,"The thing is, I really like having sex, and I actually really like having sex with you, so let's just keep it simple.",3.0,3.0
843,u43907,"So I stayed up at night, and I talked to my husband,",1.0,1.0
844,u276362,This is an auspicious time according to the heavens,3.0,3.0
845,u185924,"""Do not turn away."" This middle area, wonderful for the dung sculptures.",5.0,5.0
846,u129005,This lead came from Queenan's undercover guy.,2.0,2.0
847,u211091,With NEONWAElGEOLCHlNGKAN Don't you accept it? ??????,5.0,5.0
848,u133457,Can I count on your best work?,1.0,1.0
849,u269465,You have a whole not her head up there.,4.0,4.0
850,u42434,"because, in those areas, scientists working in Africa will have a competitive advantage.",4.0,4.0
851,u27653,no toilet -- the families in this compound shared a single pit-latrine --,1.0,1.0
852,u135277,"And in reality, the kids on that other team were probably only a grade older",2.0,2.0
853,u17726,"And, of course if you can build mice molars in Petri dishes,",4.0,4.0
854,u43906,"to build a structure, but not build an abalone shell --",4.0,4.0
855,u98883,Catch a falling star and put it in your pocket,3.0,3.0
856,u151423,We're going to put your ass to work.,3.0,3.0
857,u15980,since he had escaped the camp when his friends had not --,5.0,5.0
858,u185651,"You've gotta free your feet before you can free your mind, Lyn.",3.0,3.0
859,u249890,So I should just go to America.,4.0,4.0
860,u167993,Can I havea word with you in private?,1.0,1.0
861,u77254,And who's going to look after the people and the soldiers?,3.0,3.0
862,u128489,"It is, but it is not so simple this way...",4.0,4.0
863,u3715,"So with simple electronics, you can detect how much the page is being bent.",1.0,1.0
864,u119405,"You pedaled down here on your bike, for Christ's sake!",2.0,2.0
865,u99527,She must suffer to her last breath.,1.0,1.0
866,u70385,I can see the hand of a master!,2.0,2.0
867,u268641,"Fortunately, I had the foresight to save a few.",4.0,4.0
868,u296433,He told meI could come look at his operation.,1.0,1.0
869,u278657,A lot of people to suck up to.,2.0,2.0
870,u262189,Does that mean you're about to have one?,5.0,5.0
871,u19319,why it's so innovative in some ways and so un-innovative in others.,4.0,4.0
872,u207571,"I want you to move along the far wall to your left in four, three, two, one.",2.0,2.0
873,u269372,Are you sayingthat she's out of my league?,2.0,2.0
874,u252382,"I voted first, with my own hand!",2.0,2.0
875,u299553,I couldn 't say no to my father.,3.0,3.0
876,u146724,You've worked every kind of horse there is.,1.0,1.0
877,u98587,Who do you have to screw round here... to get a cup of tea and a biscuit?,4.0,4.0
878,u190186,"Well, you didn't stay in the car, did you?",3.0,3.0
879,u98697,I can't believe you still listen to Joni Mitchell.,2.0,2.0
880,u63309,There's only one way into a crime scene.,1.0,1.0
881,u234333,I need you to find this bastard.,4.0,4.0
882,u295790,He/she gets up to the 5 am,1.0,1.0
883,u27433,and that's what I wanted to give you a flavor of.,3.0,3.0
884,u65825,How long has this been going on?,3.0,3.0
885,u242866,You usually run half speed to stay with me.,3.0,3.0
886,u67190,"Well, don't have kittens, Genesis is going to work.",3.0,3.0
887,u38424,We can start to look at different components along this spectrum.,3.0,3.0
888,u36407,"And we're not all going to become facial expression experts overnight here,",3.0,3.0
889,u182148,"Don't make the computer so loud, understand?",1.0,1.0
890,u157617,I find you both very sexually attractive.,1.0,1.0
891,u153876,I don't see why I should watch it happen again with your daughter.,5.0,5.0
892,u75608,"And I don't want to be late for my ""greetings to the sun.""",3.0,3.0
893,u291060,It was decided to hide her uncontainable madness.,4.0,4.0
894,u260007,Grab her the moment you get in.,4.0,4.0
895,u230689,I don't want to be proud of you.,4.0,4.0
896,u154269,"It makes sex feel better, for God's sakes.",4.0,4.0
897,u104107,"""Self-destruction was the only way to beat him.""",4.0,4.0
898,u192526,"So, you'il never be as funny as me.",1.0,1.0
899,u211903,Those belonged to a young couple a few years ago.,4.0,4.0
900,u36834,And what you do when you go to any new site,4.0,4.0
901,u214541,I think it's supposed to be fun.,4.0,4.0
902,u108413,So what you're saying is that you never believed in her innocence?,3.0,3.0
903,u176052,"lf you don't have enough, you can't piss in the tall weeds with the big dogs.",4.0,4.0
904,u58653,"They are athletic gear for Muslim women that enable them to ski, play tennis,",3.0,3.0
905,u190862,"I like it, but I'm thinking it might be a little bit small.",2.0,2.0
906,u185213,I still need to return this money to you,2.0,2.0
907,u94649,"Listen, if you don 't stop, I'il call my mother... and she 'il kick you out.",2.0,2.0
908,u143250,Where were you on the night that Dr. Ian Wexler died?,4.0,4.0
909,u11192,You've got to track coalition partners. Create a record of success.,3.0,3.0
910,u187186,Woman who made you so it should be unique.,5.0,5.0
911,u161223,"You take care of the car, the car will take care of you.",1.0,1.0
912,u203536,I'd like to discuss a very promising proposition for two champions.,2.0,2.0
913,u146674,How do you feel about that?,5.0,5.0
914,u157396,Don't speak to my son like that.,2.0,2.0
915,u211578,"Finally _BAR__BAR_ the love I leave, and you stop",5.0,5.0
916,u158531,I can hope my ass is made of ice-cream but that don't make me a hot fudge sundae.,3,3.0
917,u289690,Especially since Gandalf the Grey was only in Fellowship.,4.0,4.0
918,u54794,"And the first thing I did, which was sort of in the absence of another idea,",5.0,5.0
919,u148565,"Time to be great again, my lord.",4.0,4.0
920,u229353,Sjoerd Dotinga can you take two children?,4.0,4.0
921,u54946,you'd see that the industry -- their industry -- they're all recycling.,4.0,4.0
922,u8226,which all of the things in the stuff I'll show you today,5.0,5.0
923,u234143,"The light was harsh, I felt cold.",2.0,2.0
924,u178970,"Actually, I made that last part up.",3.0,3.0
925,u130300,"Our ability to live on planet Earth, to have a future as a civilization.",1.0,1.0
926,u177386,"Until he died, they called him a liar.",2.0,2.0
927,u35253,And how shall we look and verify that we actually have it?,5.0,5.0
928,u267194,This is gonna be one for your scrapbook.,3.0,3.0
929,u127333,I need two Surlies and a Cow Tipper.,5.0,5.0
930,u100513,"Now, what are you playing in this little vignette of deceit and villainy?",3.0,3.0
931,u293911,Send someone reliable to liaise with him.,2.0,2.0
932,u295135,It'il be quiet there and you can concentrate.,1.0,1.0
933,u211035,A vast room cuts uselessly Isn't the waist sick?,5.0,5.0
934,u238217,"But in this war, you're a servant.",4.0,4.0
935,u88508,A lot of people frown on the Yanks... for not being in this war yet.,4.0,4.0
936,u169152,What the fuck is going on here?,4.0,4.0
937,u75560,"Well, you know, you've always got me.",2.0,2.0
938,u137019,"You heard her, we got a agent down.",3.0,3.0
939,u214991,I got a little workshop out in the garage.,1.0,1.0
940,u37039,"In other words, hold your horses when you're coming to judge people.",2.0,2.0
941,u140512,"Well, I guess... they don't like this guy they think you are.",5,5.0
942,u10173,"and the way, in fact, you do it is what's shown here.",5.0,5.0
943,u90836,I'm agent Griffin Hull of the FBl.,1.0,1.0
944,u103648,"Hey, buddy, you got a dead cat in there or what?",2.0,2.0
945,u193148,What is he doing with a ball?,2.0,2.0
946,u50137,and we got an architect and we got a general contractor,1.0,1.0
947,u147036,A couple of FBls were asking me about you.,4.0,4.0
948,u154527,I never saw them in my life before.,1.0,1.0
949,u276244,Why is it that Dale never left?,4.0,4.0
950,u30928,"There's a lot of research showing that to solve cooperative problems, it really helps.",4.0,4.0
951,u193846,"Second Dream, has Wind turned into a demon?",4.0,4.0
952,u57932,"and packing that area, and then repeating the treatment a few times --",5.0,5.0
953,u189353,The giant ash cloud created by this super volcano,2.0,2.0
954,u106104,It's another thing for that thing to choose you.,4,4.0
955,u99407,All I can tell you is that I'm a different person now.,3.0,3.0
956,u265664,"So this guy you're seeing, what's he like?",2.0,2.0
957,u99239,"The loss of 15 years, the pain of losing your wife and child you can forget all this.",3.0,3.0
958,u79132,I know that I want it to mean something to me the way that this means something to you.,4.0,4.0
959,u243465,We're here for the rest of our unnatural lives.,4.0,4.0
960,u252170,I am sending you on a knight's errand.,4.0,4.0
961,u145838,I think there is an equivalent upward force.,4.0,4.0
962,u99087,I'il make sure he doesn't get drunk and cause trouble again.,2.0,2.0
963,u153804,"Because Mummy approved, God rest her soul.",2.0,2.0
964,u207441,Then the one what with she happened?,5.0,5.0
965,u206137,"All alone, no one to worry about you.",3.0,3.0
966,u142727,"Do stay to the left here, please.",1.0,1.0
967,u64044,Thought we could play some cards and talk about that.,3.0,3.0
968,u216899,She'il just keep calling if you don't.,2.0,2.0
969,u180863,"Look, I just went out with your friend Bill and...",5.0,5.0
970,u178839,"What kind of meshuga, hairy, barefoot person comes here in a heliocoptic that we should lay our good white sheets on the grass and ruin them, and then plot and revolutionize to take our hotel.",4.0,4.0
971,u13769,"So they were like, ""Okay, we'll put it in a jar for you with formalin,",4.0,4.0
972,u206716,He wants a hundred grand ready by tomorrow.,1.0,1.0
973,u54623,What is cinema to you? What do you do with cinema?,2.0,2.0
974,u29923,because I got beat up after about four weeks of doing this,5.0,5.0
975,u202292,So that the Lone Wolf never has to be alone again.,4.0,4.0
976,u133898,And how does this man Stoneman figure?,4.0,4.0
977,u198971,"Well, I'm the only doctor in town, so I'm about as special as it gets.",2.0,2.0
978,u114282,Did I mention that I just took my company public?,2.0,2.0
979,u60542,"Should be easy to find, even for those droids in your archives.",2.0,2.0
980,u183465,"Well, we gotta go get it.",4.0,4.0
981,u52431,"at the top of the world, in a place which should be frozen over,",3.0,3.0
982,u297162,I think she had somewhere to be anyway.,3.0,3.0
983,u193216,Is that why you asked to be reassigned to the White Collar unit?,4.0,4.0
984,u124430,It'il do the job of funneling the Persians into the Hot Gates.,4.0,4.0
985,u214012,This memory will remain with me forever.,1.0,1.0
986,u162343,And I would never think to do such a thing.,4.0,4.0
987,u168680,How comethat is not good enough for you?,2.0,2.0
988,u167541,Quit being such a fag and get in.,2.0,2.0
989,u247870,You already have a surgeon at your disposal.,2.0,2.0
990,u183400,"Dr. Kendall, do youmean to tell me that Homeland Security is financing a roach motel?",3.0,3.0
991,u162393,I've asked you not to call me that.,4.0,4.0
992,u18697,We live in a three-dimensional world; we might as well use the third dimension.,1.0,1.0
993,u228309,"In Russian Germany, troops e occidental changed gifts, but Churchill already sent urgent messages the Truman informing that Russia raised a curtain of iron in the Europe.",4.0,4.0
994,u43349,"And I tried to act calm, not to give anything away.",2.0,2.0
995,u149116,Get your ass behind the yellow line.,1.0,1.0
996,u99987,How others see us is not important.,1.0,1.0
997,u38095,and the yellow dots are going to be friends of the people with the flu.,3.0,3.0
998,u280279,The mayor wants this to go away.,4.0,4.0
999,u20012,Why do we feel that this is more true than this?,5.0,5.0
